PartipantID,Index,Vis,VisID,Error,TruePerc,ReportPerc
55392,0,BarChart,-1,-0.94341636,0.55,0.03
55392,1,TreeMap,-1,-0.9224314,0.54761904,0.02
55392,2,PieChart,-1,-3.682009,0.08791209,0.01
55392,3,TreeMap,-1,-3.2399867,0.15584415,0.05
55392,4,PieChart,-1,-0.86558574,0.5588235,0.01
